SUE 555Y,4995
HOT 777S,2895
AMY 848E,3995
RUB 888Y,8995
SU18 BRZ,1995
KY11 LES,5995
SU18 WRX,1995
SU18 ARU,49995
DAV 13E,14995
ROB 33Y,5995
GEM 44H,3995
SAR 44S,7995
BEC 55Y,3995
RUB 87Y,1795
JAS 888,5495
333 JEF,4500
V16 KEY,5950
666 LEE,8995
888 PAM,3995
TAS 16,3995
JB 180,12950
JUL 1X,10950
JH 350,14995
AMY 3S,9995
TOM 3Y,14495
DOT 3Y,3995
RHY 5K,8995
ASB 99,8950
777 AE,4995
99 AJC,9950
222 AT,7995
999 BA,4995
999 CA,5995
33 CKY,9995
444 CP,6995
444 DC,12950
555 DF,9950
444 DF,9950
444 DG,6495
444 DS,10950
222 DT,9950
333 DW,9950
444 EM,6495
666 ES,3995
222 FR,5995
444 GH,6995
333 JB,15995
444 JM,13995
555 JP,8995
777 LB,9450
777 LH,9950
444 LH,9450
666 LW,6995
999 MH,18950
666 MK,7995
444 NP,5995
12 OBS,5795
888 PM,13950
222 PS,11450
444 PW,9950
666 PW,9950
444 RM,12950
444 SB,18950
666 SE,4995
82 SUE,7495
333 SW,12950
123 SW,12950
321 TG,7995
666 TM,9995
222 TS,8950
EMA 2,39995
CK 20,26995
TK 25,14995
MG 65,16995
43 AB,19950
36 CK,18950
78 CW,19950
8 DLP,8995
79 DM,19950
84 GT,19950
444 J,24950
11 KN,19995
57 MC,19950
66 MD,13995
28 MK,27495
73 MK,19950
56 MK,19950
16 NL,17995
99 PN,10950
11 RC,55000
59 RS,14995
39 SR,17950
48 SW,19950
98 SW,18995
1 TNK,49995
