B31 THS,8995
4 LJW,8995
L21 RNA,7995
L21 URA,6995
ARA 1A,6995
CJM 1A,6995
CJW 1A,6995
KAR 1X,6995
MJK 1A,6995
RJC 1X,6995
545 SY,6995
SMA 1A,6995
612 EEN,5995
K31 OGH,5995
AJG 1A,5995
AJG 1X,5995
ARH 1A,5995
ARL 1A,5995
ARL 1X,5995
CRS 1A,5995
EJB 1A,5995
JAX 1A,5995
JCC 1A,5995
JLS 1A,5995
JML 1A,5995
JMW 1A,5995
MJB 1Y,5995
MJR 1A,5995
MJT 1A,5995
RSH 1X,5995
DAW 80N,4995
DAW 90N,4995
H42 DNG,4995
J27 YNE,4995
K21 REN,4995
K23 REN,4995
K25 REN,4995
K27 REN,4995
K29 REN,4995
K28 RRY,4995
K21 HAN,4995
L31 URA,4995
L21 GHS,4995
M14 GGY,4995
S45 SSY,4995
M25 NGH,4995
S98 PHE,4995
CJB 1S,4995
JAH 1S,4995
MES 1X,4995
MGC 1X,4995
MJG 1G,4995
VET 1X,4995
K25 ATE,4495
K29 ATE,4495
B28 WNS,3995
K31 RAD,3995
K31 RAJ,3995
K24 LLY,3995
K25 LLY,3995
K29 LLY,3995
K21 RON,3995
K23 RON,3995
L91 REN,3995
L21 ANE,3995
L23 RNA,3995
MYL 88S,3995
BOU 1X,3995
FOX 8S,3995
SCY 1A,3995
B8 DJB,3750
L31 REN,3695
K21 ARL,3595
K23 ARL,3595
K25 ARL,3595
K26 ARL,3595
K28 ARL,3595
K29 ARL,3595
K31 ARL,3595
K23 YLE,3595
K24 YLE,3595
K25 YLE,3595
K26 YLE,3595
K28 YLE,3595
K29 YLE,3595
J27 ADE,3495
P25 CHE,3495
PXZ 911,3195
J23 ODY,2995
J24 ODY,2995
J26 ODY,2995
J27 ODY,2995
J66 NAH,2995
J21 ULY,2995
J23 ULY,2995
J24 ULY,2995
J26 ULY,2995
J27 ULY,2995
J28 ULY,2995
J29 ULY,2995
J31 ULY,2995
J21 UNE,2995
J24 UNE,2995
J27 UNE,2995
J28 UNE,2995
K24 MAR,2995
K23 NAN,2995
K23 HAN,2995
K28 HAN,2995
K24 RON,2995
K21 NCH,2995
N47 LEE,2895
K2 EEN,2895
K21 AYE,2695
K23 AYE,2695
K25 AYE,2695
K27 AYE,2695
K28 AYE,2695
K29 AYE,2695
K31 AYE,2695
V7 CLS,2695
LBZ 911,2495
B40 LEY,2495
K24 THS,2495
K23 GAN,2495
K23 ERA,2495
K31 RKY,2495
K21 MAR,2495
L24 RGE,2495
L29 NDA,2495
Y4 AMS,2495
W5 DAV,2495
