1 KD,295000
9 JL,49995
VEY 20N,49995
8 EW,39995
11 MJD,24995
1 AWC,22000
50 MO,14995
15 AJB,12995
KAT 1H,12995
THE 1F,12995
101 MS,11995
JB 129,11995
F70 FER,9999
11 MLD,9995
M42 TYN,9995
82 EB,8995
88 KE,8995
97 KG,8995
MAD 5Y,7995
457 MM,6995
67 JEN,6995
850 KT,6995
900 MF,6450
J80 WEN,6250
98 DRM,4995
K21 LLY,4995
SS 9744,4195
4950 JH,3995
DEB 112A,3995
JDS 1E,3995
JS 9748,3995
JW 1591,3995
6000 TG,3595
3044 AC,3495
600 CN,3495
E111 TON,3495
RWC 14,3250
CAH 446,2995
GR19 EME,2995
JDC 372,2995
K21 THB,2995
K21 THJ,2995
K21 THM,2995
K21 THR,2995
LOU 150N,2995
MRW 942,2995
PH11 LLF,2995
JA 9253,2795
ZF 3894,2795
1593 SR,2695
3257 DW,2595
K1 MVL,2250
K31 LLX,1995
M25 LEE,1995
M31 DDY,1895
M21 FOX,1695
