1 OC,119500
6 BR,75000
9 PH,74995
32 A,69995
13 L,49995
58 W,49995
4 EE,45000
7 WC,45000
8 RAT,30000
541 Y,19995
POG 6A,14995
HR 99,13995
PHE 3E,12500
488 MC,12495
ROB 813S,9995
911 FY,9995
LYD 8,9995
362 MP,9495
722 GS,8995
CAT 13S,6995
MOD 6L,6995
LEO 70,5995
RUF 3R,5000
CAM 80W,4995
HAY 26N,4995
L25 NDA,4995
L26 NDA,4995
L29 NNY,4995
M25 SON,4995
TEA 60Y,4995
LEA 44N,4495
K21 NNY,4495
K21 RAS,4495
M25 ONS,4450
E 7875,4250
ALY 558N,3995
G111 NGA,3995
PAB 810S,3995
TES 514A,3995
DAY 13S,3995
DOC 71R,3995
K26 ENS,3995
K29 ENS,3995
M12 GAN,3995
L24 GUE,3995
B74 KEY,3995
LOU 17D,3995
L24 MES,3995
P21 RCE,3995
N21 SEN,3995
N27 SON,3995
6901 JH,3695
JON 45S,3499
P21 HAM,3495
L31 MBO,3495
L25 SON,3495
WAT 32R,3350
GOW 9R,2999
KHA 777S,2995
L23 GUE,2995
L25 GUE,2995
L28 GUE,2995
L24 KES,2995
M29 MED,2995
L31 RRY,2995
N25 SEY,2995
L26 TER,2995
AXL 3S,2995
EXL 9Y,2995
GFB 69,2995
B7 KYS,2995
C6 RVE,2995
TEM 6T,2995
DGS 594,2750
FAT 711Y,2499
HRZ 911,2499
N447 LEE,2495
N31 EYS,2495
J95 ONR,2495
K25 TES,2495
K27 TES,2495
NAG 55Y,2350
SXF 45,2250
DGS 671,1995
K26 EEM,1995
K26 ERA,1995
K29 ERA,1995
FAN 63Y,1995
L23 NSY,1995
L28 NSY,1995
L27 ONA,1995
L28 ONA,1995
SKG 297,1995
M29 THA,1995
N27 TLE,1995
N27 URE,1995
L2 MES,1995
SOR 8A,1995
WUB 8Y,1995
P6 KYS,1895
70 USX,1895
K26 RYN,1595
T111 GRA,1495
801 BBH,1395
K1 HKB,1300
L14 PAT,1195
R31 SAB,999
T66 FEL,995
JKT 7P,995
